ドリップ コーヒー Short,13,350,,,
ドリップ コーヒー Tall,13,390,,,
ドリップ コーヒー Grande,13,435,,,
ドリップ コーヒー Venti,18,480,,,
カフェ ミスト Short,87,405, +エスプレッソショット(￥55) +リストレットショット(￥55) +ディカフェに変更(￥55) , +低脂肪タイプミルクに変更 +ノンファットミルクに変更 +豆乳*に変更 +アーモンドミルク*に変更 +オーツミルク*に変更 , +ホワイトモカフレーバーシロップ(￥55) +バニラフレーバーシロップ(￥55)
カフェ ミスト Tall,87,445, +エスプレッソショット(￥55) +リストレットショット(￥55) +ディカフェに変更(￥55) , +低脂肪タイプミルクに変更 +ノンファットミルクに変更 +豆乳*に変更 +アーモンドミルク*に変更 +オーツミルク*に変更 , +ホワイトモカフレーバーシロップ(￥55) +バニラフレーバーシロップ(￥55)
カフェ ミスト Grande,87,490, +エスプレッソショット(￥55) +リストレットショット(￥55) +ディカフェに変更(￥55) , +低脂肪タイプミルクに変更 +ノンファットミルクに変更 +豆乳*に変更 +アーモンドミルク*に変更 +オーツミルク*に変更 , +ホワイトモカフレーバーシロップ(￥55) +バニラフレーバーシロップ(￥55)
カフェ ミスト Venti,127,535, +エスプレッソショット(￥55) +リストレットショット(￥55) +ディカフェに変更(￥55) , +低脂肪タイプミルクに変更 +ノンファットミルクに変更 +豆乳*に変更 +アーモンドミルク*に変更 +オーツミルク*に変更 , +ホワイトモカフレーバーシロップ(￥55) +バニラフレーバーシロップ(￥55)
コールドブリュー コーヒー Short,9,400,,,
コールドブリュー コーヒー Tall,9,440,,,
コールドブリュー コーヒー Grande,9,485,,,
コールドブリュー コーヒー Venti,9,530,,,
コーヒー プレス,17,400,,,
スターバックス ラテ Short,148,449, +エスプレッソショット(￥55) +リストレットショット +ディカフェに変更(￥55) , +低脂肪タイプミルクに変更 +ノンファットミルクに変更 +豆乳*に変更 +アーモンドミルク*に変更 +オーツミルク*に変更 , +バニラフレーバーシロップ(￥55) +キャラメルフレーバーシロップ(￥55) +フォームミルク多め+キャラメルソース +キャラメルソース
スターバックス ラテ Tall,148,490, +エスプレッソショット(￥55) +リストレットショット +ディカフェに変更(￥55) , +低脂肪タイプミルクに変更 +ノンファットミルクに変更 +豆乳*に変更 +アーモンドミルク*に変更 +オーツミルク*に変更 , +バニラフレーバーシロップ(￥55) +キャラメルフレーバーシロップ(￥55) +フォームミルク多め+キャラメルソース +キャラメルソース
スターバックス ラテ Grande,148,535, +エスプレッソショット(￥55) +リストレットショット +ディカフェに変更(￥55) , +低脂肪タイプミルクに変更 +ノンファットミルクに変更 +豆乳*に変更 +アーモンドミルク*に変更 +オーツミルク*に変更 , +バニラフレーバーシロップ(￥55) +キャラメルフレーバーシロップ(￥55) +フォームミルク多め+キャラメルソース +キャラメルソース
スターバックス ラテ Venti,148,580, +エスプレッソショット(￥55) +リストレットショット +ディカフェに変更(￥55) , +低脂肪タイプミルクに変更 +ノンファットミルクに変更 +豆乳*に変更 +アーモンドミルク*に変更 +オーツミルク*に変更 , +バニラフレーバーシロップ(￥55) +キャラメルフレーバーシロップ(￥55) +フォームミルク多め+キャラメルソース +キャラメルソース
ソイ ラテ Short,139,449, +エスプレッソショット(￥55) +リストレットショット +ディカフェに変更(￥55) , +エクストラホット +バニラフレーバーシロップ(￥55),
ソイ ラテ Tall,139,490, +エスプレッソショット(￥55) +リストレットショット +ディカフェに変更(￥55) , +エクストラホット +バニラフレーバーシロップ(￥55),
ソイ ラテ Grande,139,535, +エスプレッソショット(￥55) +リストレットショット +ディカフェに変更(￥55) , +エクストラホット +バニラフレーバーシロップ(￥55),
ソイ ラテ Venti,208,580, +エスプレッソショット(￥55) +リストレットショット +ディカフェに変更(￥55) , +エクストラホット +バニラフレーバーシロップ(￥55),
アーモンドミルク ラテ Short,103,449, +エスプレッソショット(￥55) +リストレットショット +ディカフェに変更(￥55) , +バニラフレーバーシロップ(￥55) +キャラメルフレーバーシロップ(￥55) +ハチミツ +キャラメルソース +チョコレートソース,
アーモンドミルク ラテ Tall,103,490, +エスプレッソショット(￥55) +リストレットショット +ディカフェに変更(￥55) , +バニラフレーバーシロップ(￥55) +キャラメルフレーバーシロップ(￥55) +ハチミツ +キャラメルソース +チョコレートソース,
アーモンドミルク ラテ Grande,103,535, +エスプレッソショット(￥55) +リストレットショット +ディカフェに変更(￥55) , +バニラフレーバーシロップ(￥55) +キャラメルフレーバーシロップ(￥55) +ハチミツ +キャラメルソース +チョコレートソース,
アーモンドミルク ラテ Venti,103,580, +エスプレッソショット(￥55) +リストレットショット +ディカフェに変更(￥55) , +バニラフレーバーシロップ(￥55) +キャラメルフレーバーシロップ(￥55) +ハチミツ +キャラメルソース +チョコレートソース,
オーツミルク ラテ Short,142,449,,,
オーツミルク ラテ Tall,142,490,,,
オーツミルク ラテ Grande,142,535,,,
オーツミルク ラテ Venti,213,580,,,
カプチーノ Short,77,449, +エスプレッソショット(￥55) +リストレットショット +ディカフェに変更(￥55) , +低脂肪タイプミルクに変更 +ノンファットミルクに変更 +豆乳*に変更(￥55) +アーモンドミルク*に変更(￥55) +オーツミルク*に変更(￥55) , +キャラメルフレーバーシロップ(￥55) +フォームミルク多め+ハチミツ+ブラウンシュガー +チョコレートソース+シナモンパウダー +ホワイトモカフレーバーシロップ(￥55)+チョコレートソース
カプチーノ Tall,77,490, +エスプレッソショット(￥55) +リストレットショット +ディカフェに変更(￥55) , +低脂肪タイプミルクに変更 +ノンファットミルクに変更 +豆乳*に変更(￥55) +アーモンドミルク*に変更(￥55) +オーツミルク*に変更(￥55) , +キャラメルフレーバーシロップ(￥55) +フォームミルク多め+ハチミツ+ブラウンシュガー +チョコレートソース+シナモンパウダー +ホワイトモカフレーバーシロップ(￥55)+チョコレートソース
カプチーノ Grande,77,535, +エスプレッソショット(￥55) +リストレットショット +ディカフェに変更(￥55) , +低脂肪タイプミルクに変更 +ノンファットミルクに変更 +豆乳*に変更(￥55) +アーモンドミルク*に変更(￥55) +オーツミルク*に変更(￥55) , +キャラメルフレーバーシロップ(￥55) +フォームミルク多め+ハチミツ+ブラウンシュガー +チョコレートソース+シナモンパウダー +ホワイトモカフレーバーシロップ(￥55)+チョコレートソース
カプチーノ Venti,114,580, +エスプレッソショット(￥55) +リストレットショット +ディカフェに変更(￥55) , +低脂肪タイプミルクに変更 +ノンファットミルクに変更 +豆乳*に変更(￥55) +アーモンドミルク*に変更(￥55) +オーツミルク*に変更(￥55) , +キャラメルフレーバーシロップ(￥55) +フォームミルク多め+ハチミツ+ブラウンシュガー +チョコレートソース+シナモンパウダー +ホワイトモカフレーバーシロップ(￥55)+チョコレートソース
カフェ モカ Short,271,490, +エスプレッソショット(￥55) +リストレットショット +ディカフェに変更(￥55) , +低脂肪タイプミルクに変更 +ノンファットミルクに変更 +豆乳*に変更(￥55) +アーモンドミルク*に変更(￥55) +オーツミルク*に変更(￥55) , +チョコレートソース+ココアパウダー +キャラメルソース+キャラメルフレーバーシロップ(￥55)
カフェ モカ Tall,271,530, +エスプレッソショット(￥55) +リストレットショット +ディカフェに変更(￥55) , +低脂肪タイプミルクに変更 +ノンファットミルクに変更 +豆乳*に変更(￥55) +アーモンドミルク*に変更(￥55) +オーツミルク*に変更(￥55) , +チョコレートソース+ココアパウダー +キャラメルソース+キャラメルフレーバーシロップ(￥55)
カフェ モカ Grande,271,575, +エスプレッソショット(￥55) +リストレットショット +ディカフェに変更(￥55) , +低脂肪タイプミルクに変更 +ノンファットミルクに変更 +豆乳*に変更(￥55) +アーモンドミルク*に変更(￥55) +オーツミルク*に変更(￥55) , +チョコレートソース+ココアパウダー +キャラメルソース+キャラメルフレーバーシロップ(￥55)
カフェ モカ Venti,399,620, +エスプレッソショット(￥55) +リストレットショット +ディカフェに変更(￥55) , +低脂肪タイプミルクに変更 +ノンファットミルクに変更 +豆乳*に変更(￥55) +アーモンドミルク*に変更(￥55) +オーツミルク*に変更(￥55) , +チョコレートソース+ココアパウダー +キャラメルソース+キャラメルフレーバーシロップ(￥55)
ホワイト モカ Short,272,490, +エスプレッソショット(￥55) +リストレットショット +ディカフェに変更(￥55) , +低脂肪タイプミルクに変更 +ノンファットミルクに変更 +豆乳*に変更(￥55) +アーモンドミルク*に変更(￥55) +オーツミルク*に変更(￥55) , +キャラメルソース +チョコレートソース
ホワイト モカ Tall,272,530, +エスプレッソショット(￥55) +リストレットショット +ディカフェに変更(￥55) , +低脂肪タイプミルクに変更 +ノンファットミルクに変更 +豆乳*に変更(￥55) +アーモンドミルク*に変更(￥55) +オーツミルク*に変更(￥55) , +キャラメルソース +チョコレートソース
ホワイト モカ Grande,272,575, +エスプレッソショット(￥55) +リストレットショット +ディカフェに変更(￥55) , +低脂肪タイプミルクに変更 +ノンファットミルクに変更 +豆乳*に変更(￥55) +アーモンドミルク*に変更(￥55) +オーツミルク*に変更(￥55) , +キャラメルソース +チョコレートソース
ホワイト モカ Venti,401,620, +エスプレッソショット(￥55) +リストレットショット +ディカフェに変更(￥55) , +低脂肪タイプミルクに変更 +ノンファットミルクに変更 +豆乳*に変更(￥55) +アーモンドミルク*に変更(￥55) +オーツミルク*に変更(￥55) , +キャラメルソース +チョコレートソース
キャラメル マキアート Short,144,490, +エスプレッソショット(￥55) +リストレットショット +ディカフェに変更(￥55) , +低脂肪タイプミルクに変更 +ノンファットミルクに変更 +豆乳*に変更(￥55) +アーモンドミルク*に変更(￥55) +オーツミルク*に変更(￥55) , +キャラメルソース多め+キャラメルフレーバーシロップに変更 +チョコレートソース
キャラメル マキアート Tall,144,530, +エスプレッソショット(￥55) +リストレットショット +ディカフェに変更(￥55) , +低脂肪タイプミルクに変更 +ノンファットミルクに変更 +豆乳*に変更(￥55) +アーモンドミルク*に変更(￥55) +オーツミルク*に変更(￥55) , +キャラメルソース多め+キャラメルフレーバーシロップに変更 +チョコレートソース
キャラメル マキアート Grande,144,575, +エスプレッソショット(￥55) +リストレットショット +ディカフェに変更(￥55) , +低脂肪タイプミルクに変更 +ノンファットミルクに変更 +豆乳*に変更(￥55) +アーモンドミルク*に変更(￥55) +オーツミルク*に変更(￥55) , +キャラメルソース多め+キャラメルフレーバーシロップに変更 +チョコレートソース
キャラメル マキアート Venti,211,620, +エスプレッソショット(￥55) +リストレットショット +ディカフェに変更(￥55) , +低脂肪タイプミルクに変更 +ノンファットミルクに変更 +豆乳*に変更(￥55) +アーモンドミルク*に変更(￥55) +オーツミルク*に変更(￥55) , +キャラメルソース多め+キャラメルフレーバーシロップに変更 +チョコレートソース
カフェ アメリカーノ Short,5,405, +エスプレッソショット(￥55) +リストレットショット +ディカフェに変更(￥55) , +ホイップクリーム(￥55) +ホイップクリーム(￥55),
カフェ アメリカーノ Tall,5,445, +エスプレッソショット(￥55) +リストレットショット +ディカフェに変更(￥55) , +ホイップクリーム(￥55) +ホイップクリーム(￥55),
カフェ アメリカーノ Grande,5,490, +エスプレッソショット(￥55) +リストレットショット +ディカフェに変更(￥55) , +ホイップクリーム(￥55) +ホイップクリーム(￥55),
カフェ アメリカーノ Venti,5,535, +エスプレッソショット(￥55) +リストレットショット +ディカフェに変更(￥55) , +ホイップクリーム(￥55) +ホイップクリーム(￥55),
エスプレッソ Solo,5,425,,,
エスプレッソ Doppio,11,385,,,
ムース フォーム ラテ,109,385,,,
スターバックス ブロンド ラテ with オーツミルク Short,142,449,,,
スターバックス ブロンド ラテ with オーツミルク Tall,142,490,,,
スターバックス ブロンド ラテ with オーツミルク Grande,142,535,,,
スターバックス ブロンド ラテ with オーツミルク Venti,142,580,,,
トリプルエスプレッソ ラテ,219,449,,,
エスプレッソ アフォガート フラペチーノ® Short,385,590, +エスプレッソショット(￥55) +リストレットショット,,
エスプレッソ アフォガート フラペチーノ® Tall,385,630, +エスプレッソショット(￥55) +リストレットショット,,
エスプレッソ アフォガート フラペチーノ® Grande,385,675, +エスプレッソショット(￥55) +リストレットショット,,
エスプレッソ アフォガート フラペチーノ® Venti,385,720, +エスプレッソショット(￥55) +リストレットショット,,
コーヒー フラペチーノ® Short,170,475, +コーヒー少なめ +コーヒー多め(￥55) , +低脂肪タイプミルクに変更 +ノンファットミルクに変更 +豆乳*に変更(￥55) +アーモンドミルク*に変更(￥55) +オーツミルク*に変更(￥55) , +チョコレートチップ(￥55) +チョコレートソース +ホイップクリーム(￥55)+ハチミツs
コーヒー フラペチーノ® Tall,170,515, +コーヒー少なめ +コーヒー多め(￥55) , +低脂肪タイプミルクに変更 +ノンファットミルクに変更 +豆乳*に変更(￥55) +アーモンドミルク*に変更(￥55) +オーツミルク*に変更(￥55) , +チョコレートチップ(￥55) +チョコレートソース +ホイップクリーム(￥55)+ハチミツs
コーヒー フラペチーノ® Grande,170,561, +コーヒー少なめ +コーヒー多め(￥55) , +低脂肪タイプミルクに変更 +ノンファットミルクに変更 +豆乳*に変更(￥55) +アーモンドミルク*に変更(￥55) +オーツミルク*に変更(￥55) , +チョコレートチップ(￥55) +チョコレートソース +ホイップクリーム(￥55)+ハチミツs
コーヒー フラペチーノ® Venti,170,605, +コーヒー少なめ +コーヒー多め(￥55) , +低脂肪タイプミルクに変更 +ノンファットミルクに変更 +豆乳*に変更(￥55) +アーモンドミルク*に変更(￥55) +オーツミルク*に変更(￥55) , +チョコレートチップ(￥55) +チョコレートソース +ホイップクリーム(￥55)+ハチミツs
ダーク モカ チップ フラペチーノ® Short,312,550, +コーヒー少なめ +コーヒー多め(￥55) , +低脂肪タイプミルクに変更 +ノンファットミルクに変更 +豆乳*に変更(￥55) +アーモンドミルク*に変更(￥55) +オーツミルク*に変更(￥55) , +ホイップなし +チョコレートソース +ダークモカパウダー多め
ダーク モカ チップ フラペチーノ® Tall,312,590, +コーヒー少なめ +コーヒー多め(￥55) , +低脂肪タイプミルクに変更 +ノンファットミルクに変更 +豆乳*に変更(￥55) +アーモンドミルク*に変更(￥55) +オーツミルク*に変更(￥55) , +ホイップなし +チョコレートソース +ダークモカパウダー多め
ダーク モカ チップ フラペチーノ® Grande,312,635, +コーヒー少なめ +コーヒー多め(￥55) , +低脂肪タイプミルクに変更 +ノンファットミルクに変更 +豆乳*に変更(￥55) +アーモンドミルク*に変更(￥55) +オーツミルク*に変更(￥55) , +ホイップなし +チョコレートソース +ダークモカパウダー多め
ダーク モカ チップ フラペチーノ® Venti,341,680, +コーヒー少なめ +コーヒー多め(￥55) , +低脂肪タイプミルクに変更 +ノンファットミルクに変更 +豆乳*に変更(￥55) +アーモンドミルク*に変更(￥55) +オーツミルク*に変更(￥55) , +ホイップなし +チョコレートソース +ダークモカパウダー多め
キャラメル フラペチーノ® Short,271,535, +コーヒー少なめ +コーヒー多め(￥55) , +低脂肪タイプミルクに変更 +ノンファットミルクに変更 +豆乳*に変更(￥55) +アーモンドミルク*に変更(￥55) +オーツミルク*に変更(￥55) , +チョコレートチップ(￥55) +シナモンパウダー +ハチミツ
キャラメル フラペチーノ® Tall,271,575, +コーヒー少なめ +コーヒー多め(￥55) , +低脂肪タイプミルクに変更 +ノンファットミルクに変更 +豆乳*に変更(￥55) +アーモンドミルク*に変更(￥55) +オーツミルク*に変更(￥55) , +チョコレートチップ(￥55) +シナモンパウダー +ハチミツ
キャラメル フラペチーノ® Grande,271,620, +コーヒー少なめ +コーヒー多め(￥55) , +低脂肪タイプミルクに変更 +ノンファットミルクに変更 +豆乳*に変更(￥55) +アーモンドミルク*に変更(￥55) +オーツミルク*に変更(￥55) , +チョコレートチップ(￥55) +シナモンパウダー +ハチミツ
キャラメル フラペチーノ® Venti,302,665, +コーヒー少なめ +コーヒー多め(￥55) , +低脂肪タイプミルクに変更 +ノンファットミルクに変更 +豆乳*に変更(￥55) +アーモンドミルク*に変更(￥55) +オーツミルク*に変更(￥55) , +チョコレートチップ(￥55) +シナモンパウダー +ハチミツ
抹茶 クリーム フラペチーノ® Short,293,550, +低脂肪タイプミルクに変更 +ノンファットミルクに変更 +豆乳*に変更(￥55) +アーモンドミルク*に変更(￥55) +オーツミルク*に変更(￥55) , +チョコレートチップ(￥55) +チョコレートソース +ホイップなし +チョコレートチップ (￥55),
抹茶 クリーム フラペチーノ® Tall,293,590, +低脂肪タイプミルクに変更 +ノンファットミルクに変更 +豆乳*に変更(￥55) +アーモンドミルク*に変更(￥55) +オーツミルク*に変更(￥55) , +チョコレートチップ(￥55) +チョコレートソース +ホイップなし +チョコレートチップ (￥55),
抹茶 クリーム フラペチーノ® Grande,293,635, +低脂肪タイプミルクに変更 +ノンファットミルクに変更 +豆乳*に変更(￥55) +アーモンドミルク*に変更(￥55) +オーツミルク*に変更(￥55) , +チョコレートチップ(￥55) +チョコレートソース +ホイップなし +チョコレートチップ (￥55),
抹茶 クリーム フラペチーノ® Venti,322,680, +低脂肪タイプミルクに変更 +ノンファットミルクに変更 +豆乳*に変更(￥55) +アーモンドミルク*に変更(￥55) +オーツミルク*に変更(￥55) , +チョコレートチップ(￥55) +チョコレートソース +ホイップなし +チョコレートチップ (￥55),
バニラ クリーム フラペチーノ® Short,227,535, +低脂肪タイプミルクに変更 +ノンファットミルクに変更 +豆乳*に変更(￥55) +アーモンドミルク*に変更(￥55) +オーツミルク*に変更(￥55) , +チョコレートチップ(￥55) +ホワイトモカフレーバーシロップ(￥55),
バニラ クリーム フラペチーノ® Tall,227,575, +低脂肪タイプミルクに変更 +ノンファットミルクに変更 +豆乳*に変更(￥55) +アーモンドミルク*に変更(￥55) +オーツミルク*に変更(￥55) , +チョコレートチップ(￥55) +ホワイトモカフレーバーシロップ(￥55),
バニラ クリーム フラペチーノ® Grande,227,620, +低脂肪タイプミルクに変更 +ノンファットミルクに変更 +豆乳*に変更(￥55) +アーモンドミルク*に変更(￥55) +オーツミルク*に変更(￥55) , +チョコレートチップ(￥55) +ホワイトモカフレーバーシロップ(￥55),
バニラ クリーム フラペチーノ® Venti,227,665, +低脂肪タイプミルクに変更 +ノンファットミルクに変更 +豆乳*に変更(￥55) +アーモンドミルク*に変更(￥55) +オーツミルク*に変更(￥55) , +チョコレートチップ(￥55) +ホワイトモカフレーバーシロップ(￥55),
マンゴー パッション ティー フラペチーノ® Short,112,535, +シトラス果肉(￥110) +ホイップクリーム(￥55) +ホイップクリーム(￥55)+ノンティー +シトラス果肉 (￥110)+ホイップクリーム (￥55),,
マンゴー パッション ティー フラペチーノ® Tall,112,575, +シトラス果肉(￥110) +ホイップクリーム(￥55) +ホイップクリーム(￥55)+ノンティー +シトラス果肉 (￥110)+ホイップクリーム (￥55),,
マンゴー パッション ティー フラペチーノ® Grande,112,620, +シトラス果肉(￥110) +ホイップクリーム(￥55) +ホイップクリーム(￥55)+ノンティー +シトラス果肉 (￥110)+ホイップクリーム (￥55),,
マンゴー パッション ティー フラペチーノ® Venti,112,665, +シトラス果肉(￥110) +ホイップクリーム(￥55) +ホイップクリーム(￥55)+ノンティー +シトラス果肉 (￥110)+ホイップクリーム (￥55),,
おさつ バター フラペチーノ®,369,535,,,
ゆず シトラス & ティー Short,119,470,,,
ゆず シトラス & ティー Tall,119,510,,,
ゆず シトラス & ティー Grande,119,555,,,
ゆず シトラス & ティー Venti,119,600,,,
チャイ ティー ラテ Short,149,460, +低脂肪タイプミルクに変更 +ノンファットミルクに変更 +豆乳*に変更(￥55) +アーモンドミルク*に変更(￥55) +オーツミルク*に変更(￥55) , +フォームミルク多め,
チャイ ティー ラテ Tall,149,500, +低脂肪タイプミルクに変更 +ノンファットミルクに変更 +豆乳*に変更(￥55) +アーモンドミルク*に変更(￥55) +オーツミルク*に変更(￥55) , +フォームミルク多め,
チャイ ティー ラテ Grande,149,545, +低脂肪タイプミルクに変更 +ノンファットミルクに変更 +豆乳*に変更(￥55) +アーモンドミルク*に変更(￥55) +オーツミルク*に変更(￥55) , +フォームミルク多め,
チャイ ティー ラテ Venti,149,590, +低脂肪タイプミルクに変更 +ノンファットミルクに変更 +豆乳*に変更(￥55) +アーモンドミルク*に変更(￥55) +オーツミルク*に変更(￥55) , +フォームミルク多め,
ほうじ茶 ティー ラテ Short,104,460,,,
ほうじ茶 ティー ラテ Tall,104,500,,,
ほうじ茶 ティー ラテ Grande,104,545,,,
ほうじ茶 ティー ラテ Venti,162,590,,,
抹茶 ティー ラテ Short,168,460, +低脂肪タイプミルクに変更 +ノンファットミルクに変更 +豆乳*に変更(￥55) +アーモンドミルク*に変更(￥55) +オーツミルク*に変更(￥55) , +ホワイトモカフレーバーシロップ(￥55) +ホイップクリーム(￥55) +チョコレートソース +エスプレッソショット(￥55),
抹茶 ティー ラテ Tall,168,500, +低脂肪タイプミルクに変更 +ノンファットミルクに変更 +豆乳*に変更(￥55) +アーモンドミルク*に変更(￥55) +オーツミルク*に変更(￥55) , +ホワイトモカフレーバーシロップ(￥55) +ホイップクリーム(￥55) +チョコレートソース +エスプレッソショット(￥55),
抹茶 ティー ラテ Grande,225,545, +低脂肪タイプミルクに変更 +ノンファットミルクに変更 +豆乳*に変更(￥55) +アーモンドミルク*に変更(￥55) +オーツミルク*に変更(￥55) , +ホワイトモカフレーバーシロップ(￥55) +ホイップクリーム(￥55) +チョコレートソース +エスプレッソショット(￥55),
抹茶 ティー ラテ Venti,225,590, +低脂肪タイプミルクに変更 +ノンファットミルクに変更 +豆乳*に変更(￥55) +アーモンドミルク*に変更(￥55) +オーツミルク*に変更(￥55) , +ホワイトモカフレーバーシロップ(￥55) +ホイップクリーム(￥55) +チョコレートソース +エスプレッソショット(￥55),
イングリッシュ ブレックファスト ティー ラテ Short,126,460, +低脂肪タイプミルクに変更 +ノンファットミルクに変更 +豆乳*に変更(￥55) +アーモンドミルク*に変更(￥55) +オーツミルク*に変更(￥55) , +フォームミルク多め+ハチミツ +ホワイトモカフレーバーシロップに変更,
イングリッシュ ブレックファスト ティー ラテ Tall,126,500, +低脂肪タイプミルクに変更 +ノンファットミルクに変更 +豆乳*に変更(￥55) +アーモンドミルク*に変更(￥55) +オーツミルク*に変更(￥55) , +フォームミルク多め+ハチミツ +ホワイトモカフレーバーシロップに変更,
イングリッシュ ブレックファスト ティー ラテ Grande,126,545, +低脂肪タイプミルクに変更 +ノンファットミルクに変更 +豆乳*に変更(￥55) +アーモンドミルク*に変更(￥55) +オーツミルク*に変更(￥55) , +フォームミルク多め+ハチミツ +ホワイトモカフレーバーシロップに変更,
イングリッシュ ブレックファスト ティー ラテ Venti,184,590, +低脂肪タイプミルクに変更 +ノンファットミルクに変更 +豆乳*に変更(￥55) +アーモンドミルク*に変更(￥55) +オーツミルク*に変更(￥55) , +フォームミルク多め+ハチミツ +ホワイトモカフレーバーシロップに変更,
カモミール ティー ラテ Short,121,460, +低脂肪タイプミルクに変更 +ノンファットミルクに変更 +豆乳*に変更(￥55) +アーモンドミルク*に変更(￥55) +オーツミルク*に変更(￥55),,
カモミール ティー ラテ Tall,121,500, +低脂肪タイプミルクに変更 +ノンファットミルクに変更 +豆乳*に変更(￥55) +アーモンドミルク*に変更(￥55) +オーツミルク*に変更(￥55),,
カモミール ティー ラテ Grande,121,545, +低脂肪タイプミルクに変更 +ノンファットミルクに変更 +豆乳*に変更(￥55) +アーモンドミルク*に変更(￥55) +オーツミルク*に変更(￥55),,
カモミール ティー ラテ Venti,121,590, +低脂肪タイプミルクに変更 +ノンファットミルクに変更 +豆乳*に変更(￥55) +アーモンドミルク*に変更(￥55) +オーツミルク*に変更(￥55),,
アール グレイ ティー ラテ Short,123,460, +低脂肪タイプミルクに変更 +ノンファットミルクに変更 +豆乳*に変更(￥55) +アーモンドミルク*に変更(￥55) +オーツミルク*に変更(￥55) , +フォームミルク多め,
アール グレイ ティー ラテ Tall,123,500, +低脂肪タイプミルクに変更 +ノンファットミルクに変更 +豆乳*に変更(￥55) +アーモンドミルク*に変更(￥55) +オーツミルク*に変更(￥55) , +フォームミルク多め,
アール グレイ ティー ラテ Grande,123,545, +低脂肪タイプミルクに変更 +ノンファットミルクに変更 +豆乳*に変更(￥55) +アーモンドミルク*に変更(￥55) +オーツミルク*に変更(￥55) , +フォームミルク多め,
アール グレイ ティー ラテ Venti,180,590, +低脂肪タイプミルクに変更 +ノンファットミルクに変更 +豆乳*に変更(￥55) +アーモンドミルク*に変更(￥55) +オーツミルク*に変更(￥55) , +フォームミルク多め,
ゼンクラウド ウーロン ティー ラテ Short,123,460, +低脂肪タイプミルクに変更 +ノンファットミルクに変更 +豆乳*に変更(￥55) +アーモンドミルク*に変更(￥55) +オーツミルク*に変更(￥55) , +ホワイトモカフレーバーシロップ(￥55) +キャラメルフレーバーシロップに変更,
ゼンクラウド ウーロン ティー ラテ Tall,123,500, +低脂肪タイプミルクに変更 +ノンファットミルクに変更 +豆乳*に変更(￥55) +アーモンドミルク*に変更(￥55) +オーツミルク*に変更(￥55) , +ホワイトモカフレーバーシロップ(￥55) +キャラメルフレーバーシロップに変更,
ゼンクラウド ウーロン ティー ラテ Grande,123,545, +低脂肪タイプミルクに変更 +ノンファットミルクに変更 +豆乳*に変更(￥55) +アーモンドミルク*に変更(￥55) +オーツミルク*に変更(￥55) , +ホワイトモカフレーバーシロップ(￥55) +キャラメルフレーバーシロップに変更,
ゼンクラウド ウーロン ティー ラテ Venti,123,590, +低脂肪タイプミルクに変更 +ノンファットミルクに変更 +豆乳*に変更(￥55) +アーモンドミルク*に変更(￥55) +オーツミルク*に変更(￥55) , +ホワイトモカフレーバーシロップ(￥55) +キャラメルフレーバーシロップに変更,
アイスティー(ブラック) Short,3,420,,,
アイスティー(ブラック) Tall,3,460,,,
アイスティー(ブラック) Grande,3,506,,,
アイスティー(ブラック) Venti,4,550,,,
アイスティー(パッション) Short,3,420, +バニラフレーバーシロップ(￥55),,
アイスティー(パッション) Tall,3,460, +バニラフレーバーシロップ(￥55),,
アイスティー(パッション) Grande,3,506, +バニラフレーバーシロップ(￥55),,
アイスティー(パッション) Venti,4,550, +バニラフレーバーシロップ(￥55),,
イングリッシュ ブレックファスト Short,5,460,,,
イングリッシュ ブレックファスト Tall,5,460,,,
イングリッシュ ブレックファスト Grande,5,506,,,
イングリッシュ ブレックファスト Venti,5,550,,,
アール グレイ Short,2,460,,,
アール グレイ Tall,2,460,,,
アール グレイ Grande,2,506,,,
アール グレイ Venti,2,550,,,
カモミール Short,0,460,,,
カモミール Tall,0,460,,,
カモミール Grande,0,506,,,
カモミール Venti,0,550,,,
ユースベリー® Short,5,460,,,
ユースベリー® Tall,5,460,,,
ユースベリー® Grande,5,506,,,
ユースベリー® Venti,5,550,,,
ほうじ茶 Short,3,460,,,
ほうじ茶 Tall,3,460,,,
ほうじ茶 Grande,3,506,,,
ほうじ茶 Venti,3,550,,,
ゼンクラウド ウーロン Short,1,460,,,
ゼンクラウド ウーロン Tall,1,460,,,
ゼンクラウド ウーロン Grande,1,506,,,
ゼンクラウド ウーロン Venti,1,550,,,
ココア Short,284,455, +低脂肪タイプミルクに変更 +ノンファットミルクに変更 +豆乳*に変更(￥55) +アーモンドミルク*に変更(￥55) +オーツミルク*に変更(￥55) , +チョコレートソース,
ココア Tall,284,495, +低脂肪タイプミルクに変更 +ノンファットミルクに変更 +豆乳*に変更(￥55) +アーモンドミルク*に変更(￥55) +オーツミルク*に変更(￥55) , +チョコレートソース,
ココア Grande,284,540, +低脂肪タイプミルクに変更 +ノンファットミルクに変更 +豆乳*に変更(￥55) +アーモンドミルク*に変更(￥55) +オーツミルク*に変更(￥55) , +チョコレートソース,
ココア Venti,284,585, +低脂肪タイプミルクに変更 +ノンファットミルクに変更 +豆乳*に変更(￥55) +アーモンドミルク*に変更(￥55) +オーツミルク*に変更(￥55) , +チョコレートソース,
キャラメル クリーム Short,244,455, +低脂肪タイプミルクに変更 +ノンファットミルクに変更 +豆乳*に変更(￥55) +アーモンドミルク*に変更(￥55) +オーツミルク*に変更(￥55) , +ホワイトモカフレーバーシロップ(￥55) +フォームミルク多め+ハチミツ,
キャラメル クリーム Tall,244,495, +低脂肪タイプミルクに変更 +ノンファットミルクに変更 +豆乳*に変更(￥55) +アーモンドミルク*に変更(￥55) +オーツミルク*に変更(￥55) , +ホワイトモカフレーバーシロップ(￥55) +フォームミルク多め+ハチミツ,
キャラメル クリーム Grande,244,540, +低脂肪タイプミルクに変更 +ノンファットミルクに変更 +豆乳*に変更(￥55) +アーモンドミルク*に変更(￥55) +オーツミルク*に変更(￥55) , +ホワイトモカフレーバーシロップ(￥55) +フォームミルク多め+ハチミツ,
キャラメル クリーム Venti,244,585, +低脂肪タイプミルクに変更 +ノンファットミルクに変更 +豆乳*に変更(￥55) +アーモンドミルク*に変更(￥55) +オーツミルク*に変更(￥55) , +ホワイトモカフレーバーシロップ(￥55) +フォームミルク多め+ハチミツ,
ミルク Short,162,396,,,
ミルク Tall,162,435,,,
ミルク Grande,162,480,,,
ミルク Venti,236,525,,,
キッズ ココア,284,396,,,
キッズ ミルク,162,396,,,
be juicy ! kids （アップル）,105,396,,,
be juicy ! kids （オレンジ）,88,396,,,
バニラ クリーム,341,396,,,
ホット チョコレート,366,396,,,